NOMBRE,APELLIDO,EMAIL,TRABAJO,LUGAR
Alf,Goyette,Tatyana.Sanford52@hotmail.com,Chief Operations Architect,fi
Jevon,Botsford,Austin0@gmail.com,Customer Metrics Executive,uk
Percival,Bins,Werner15@gmail.com,Principal Intranet Designer,ko
Jena,Mayer,Lacy93@gmail.com,District Integration Consultant,en_IND
Patricia,Hilpert,Elian_Murazik40@gmail.com,District Program Strategist,en
Calista,Balistreri,Ernestina_Turner@hotmail.com,Lead Infrastructure Producer,fr
Judge,Bartell,Levi36@gmail.com,Product Directives Manager,ne
Forest,Schaefer,Cornelius.Toy83@yahoo.com,Forward Identity Executive,nl_BE
Amelia,Nolan,Marlene35@gmail.com,Global Markets Technician,en
Jamie,Oberbrunner,Jennie_Robel59@gmail.com,Internal Markets Planner,nb_NO
Addison,Prosacco,Marge.Pacocha@hotmail.com,Central Group Facilitator,en_AU_ocker
Keara,Daniel,Korbin77@hotmail.com,Product Security Administrator,uk
Dominic,Weimann,Justice.Mann30@hotmail.com,International Security Representative,ne
Zita,Bauch,Melisa_Swift97@gmail.com,Chief Metrics Supervisor,zh_TW
Celestino,Vandervort,Tess45@gmail.com,Direct Group Administrator,zh_CN
Josiah,Champlin,Gaston85@gmail.com,Investor Mobility Executive,hr
Emanuel,Schuppe,Shana_Hills@gmail.com,Senior Optimization Administrator,en_IND
Chauncey,Simonis,Cordelia61@yahoo.com,Human Intranet Administrator,uk
Maudie,Skiles,Dallas.Deckow36@gmail.com,Principal Directives Analyst,uk
Mikayla,Glover,Jonathan.Hayes78@yahoo.com,Investor Optimization Director,hy
Maegan,Boyer,Lelah99@yahoo.com,Product Communications Associate,en_IE
Dana,Bednar,Jake49@gmail.com,Forward Configuration Officer,zh_CN
Brock,Bergstrom,Barrett_Cassin52@yahoo.com,International Implementation Producer,az
Rosalee,Greenfelder,Lucienne85@gmail.com,Legacy Identity Producer,nl_BE
Myrtle,Pacocha,Benton.Zemlak@hotmail.com,Regional Optimization Director,en_US
Ralph,O'Kon,Napoleon.Langosh68@yahoo.com,Central Interactions Architect,en_AU
Bailey,Jones,Loyce.Auer@gmail.com,Future Usability Officer,ru
Troy,Carter,Hollis.Cremin41@gmail.com,Senior Marketing Engineer,fa
Kennedy,Reilly,Sherman11@hotmail.com,Global Program Officer,es
Tyra,Hyatt,Hailie_Fadel97@gmail.com,Regional Configuration Director,en_IE
Kane,Haley,Peter_Langworth@yahoo.com,Chief Data Consultant,tr
Eddie,Bayer,Reagan33@hotmail.com,Forward Quality Liaison,id_ID
Isabelle,Douglas,Sophie_Volkman@yahoo.com,International Factors Supervisor,en_BORK
Rebekah,Dare,Darrion.Johns@yahoo.com,Global Implementation Director,en_ZA
Dorthy,Reinger,Harold.Lind57@yahoo.com,Investor Operations Administrator,pt_PT
Elwin,Cummings,Easton_Oberbrunner29@yahoo.com,Senior Infrastructure Producer,ja
Anastasia,Wiza,Monte23@hotmail.com,Principal Mobility Consultant,hy
Junius,Adams,Kira_Treutel65@gmail.com,International Markets Technician,cz
Layne,Von,Royal12@gmail.com,Chief Tactics Director,en_CA
Ulises,Wilkinson,Maxine53@gmail.com,Legacy Assurance Assistant,ro
Jayce,Streich,Friedrich_Grant@yahoo.com,Dynamic Usability Facilitator,pt_PT
Yolanda,Lowe,Vallie_Boehm@gmail.com,Forward Optimization Strategist,ne
Delmer,Larkin,Carlie_Franecki@hotmail.com,Product Web Consultant,nb_NO
Kenyon,Mraz,Joana.Crooks@gmail.com,Regional Tactics Manager,fr_CA
Lilly,Harvey,Athena.Homenick@hotmail.com,Human Functionality Consultant,hr
Josefa,Toy,Amaya38@hotmail.com,District Applications Facilitator,uk
Karianne,Leannon,Chad_Kling60@yahoo.com,Direct Security Liaison,uk
Rosamond,Conn,Amelia_Satterfield@hotmail.com,Internal Division Planner,fa
Ansley,Luettgen,Litzy_Dickinson91@hotmail.com,Direct Data Developer,en_AU_ocker
Enrique,Jacobs,Alvina.Bailey@gmail.com,Customer Implementation Strategist,en_AU_ocker
Wilburn,Trantow,Zula.Christiansen16@hotmail.com,Chief Solutions Developer,uk
Keira,Cole,Austyn4@gmail.com,Forward Research Architect,fr_CH
Nicholaus,Price,Paige79@hotmail.com,Central Interactions Manager,pl
Aliyah,Maggio,Tianna_Quitzon@gmail.com,Dynamic Configuration Analyst,en_AU_ocker
Jan,Kunze,Nick25@gmail.com,Corporate Markets Strategist,nl
Prudence,Borer,Edison_Walter5@yahoo.com,Investor Usability Coordinator,uk
Tristian,Batz,Edna_Feest@hotmail.com,Future Paradigm Orchestrator,uk
Kaci,Hilll,Lambert.Moen@hotmail.com,Legacy Accounts Planner,pt_BR
Keyshawn,Rempel,Assunta_Predovic96@hotmail.com,Lead Functionality Coordinator,ne
Sterling,Welch,Lia44@gmail.com,Dynamic Security Developer,de_CH
Letha,Donnelly,Evelyn_Langworth1@yahoo.com,Dynamic Operations Developer,pt_BR
Jeremy,Bernier,Jarod87@gmail.com,Dynamic Functionality Agent,ge
Wava,Borer,Emmet7@hotmail.com,National Metrics Associate,fr_CH
Douglas,Treutel,Zena_Cole99@gmail.com,Customer Solutions Director,zh_CN
Dorothea,Stroman,Julius.Carter@hotmail.com,International Branding Architect,en
Kristopher,West,London61@hotmail.com,International Communications Consultant,vi
Kiara,Pouros,Cloyd4@hotmail.com,Dynamic Applications Supervisor,fr_CH
Berniece,Hickle,Gianni60@yahoo.com,Regional Division Specialist,en_IE
Kavon,Leannon,Christ96@yahoo.com,Senior Tactics Orchestrator,hr
Laverna,Marvin,Charity_Glover69@gmail.com,Central Implementation Engineer,sv
Bryon,Hudson,Tia81@gmail.com,District Accounts Representative,pt_PT
Markus,Hermiston,Buford.Von@yahoo.com,District Markets Administrator,fr
Emmitt,Reynolds,Mavis_Rippin90@yahoo.com,International Metrics Officer,pt_BR
Wilber,Kuvalis,Linda_Borer@yahoo.com,Customer Integration Associate,en_CA
Ismael,Labadie,Devonte.Nitzsche@gmail.com,Direct Operations Planner,de
Kacie,Bode,Melisa.Bailey36@gmail.com,Dynamic Tactics Director,zh_TW
Roselyn,Wiza,Gussie.Lind13@hotmail.com,Legacy Tactics Architect,pt_BR
Noemie,Huel,Marco.Feest86@hotmail.com,Forward Intranet Manager,uk
Sid,Kuhic,Nikko.Hauck82@yahoo.com,Future Data Specialist,en
Aurore,Waters,Pansy_Gaylord@hotmail.com,Future Identity Associate,pt_PT
Kaylin,Wuckert,Vilma_Nikolaus59@gmail.com,International Program Officer,en_BORK
Selina,Russel,Aurore66@yahoo.com,International Quality Technician,pt_PT
Hulda,Littel,Bradford.Reynolds@gmail.com,Customer Research Representative,de_CH
Rebeca,Runolfsson,Mathias.Bergstrom72@gmail.com,Chief Data Associate,id_ID
Unique,Kub,Kristina_Labadie53@gmail.com,National Creative Facilitator,en_BORK
Maddison,Quigley,Dell.Parker@gmail.com,Product Brand Orchestrator,zh_TW
Alverta,Dooley,Jacquelyn44@gmail.com,Senior Division Strategist,en_US
Viviane,Schowalter,Mafalda.OHara@yahoo.com,Regional Optimization Representative,pt_PT
Thora,Waelchi,Summer75@hotmail.com,Direct Metrics Agent,en_CA
Tianna,Halvorson,Damion_Hayes29@yahoo.com,Customer Functionality Strategist,uk
Lyda,O'Conner,Monserrat93@hotmail.com,Central Implementation Orchestrator,cz
Ruben,Ernser,Lexie8@gmail.com,Dynamic Data Assistant,uk
Audrey,Hessel,Vincenzo_Schimmel@gmail.com,Customer Directives Orchestrator,tr
Abigail,Blick,Susana.Wolf@gmail.com,Corporate Program Administrator,pl
Eddie,Kassulke,Helen57@gmail.com,Direct Web Engineer,ru
Nils,O'Reilly,Marta.Cole@gmail.com,Legacy Research Analyst,vi
Elmer,Fisher,Neva.Wisozk11@yahoo.com,Senior Security Assistant,de_CH
Sanford,Kreiger,Raymundo.Williamson@gmail.com,National Configuration Associate,es
Mary,Osinski,Luz49@hotmail.com,Internal Infrastructure Specialist,en_BORK
Alexandra,Cassin,Okey_Collins40@gmail.com,Corporate Implementation Administrator,sk
